<?xml version="1.0" encoding="UTF-8"?>
<modification>
    <id>Blocks core</id>
    <version>1.0.0</version>
    <vqmver required="true">2.5.0</vqmver>
    <author>opencart-blocks.com</author>

    <file path="admin/index.php">
        <operation error="skip">
            <search><![CDATA[
                require_once(DIR_SYSTEM . 'startup.php');
            ]]></search>
            <add position="before"><![CDATA[require_once(DIR_SYSTEM . '../vendor/autoload.php');]]></add>
        </operation>

        <operation error="skip">
            <search><![CDATA[
                $registry = new Registry();
            ]]></search>
            <add position="after"><![CDATA[
Blocks\Core\Facades\App::bind('registry', function() use ($registry)
{
    return $registry;
});
            ]]></add>
        </operation>

        <operation error="skip">
            <search><![CDATA[
            $language = new Language($languages[$config->get('config_admin_language')]['directory']);
            ]]></search>
            <add position="replace"><![CDATA[
$language = new Blocks\Services\Language($languages[$config->get('config_admin_language')]['directory']);
            ]]></add>
        </operation>

    </file>
</modification>