{
    "code": "Modules",
    "version": "0.0.7",
    "type": "module",
    "title": "Module list",
    "description": "",
    "license": "",
    "authors": [
        {
            "name": "Iurii Krevnyi",
            "email": "yuriikrevnyi@gmail.com",
            "homepage": ""
        }
    ],
    
    "files--help": {
        "files": "Це такі файли, які будуть за межами модуля. Наприклад, контроллер/модель адмінки",
        "files-absolute": "Це шлях до файла. Вставляти таким чином, щоб <шлях від корня до списка модулів> + <export-absolute> = файл",
        "files-relative": "Шлях який використовується для структури файлів в архіві."
    },

    "files": [
    {
        "absolute": "..\/..\/..\/admin\/controller\/blocks\/modules.php",
        "relative": "admin\/controller\/blocks\/controller.php"
    },
    {
        "absolute": "..\/..\/..\/admin\/language\/english\/blocks\/modules.php",
        "relative": "admin\/language\/english\/blocks\/language.php"
    },
    {
        "absolute": "..\/..\/..\/admin\/model\/blocks\/modules.php",
        "relative": "admin\/model\/blocks\/model.php"
    },
    {
        "absolute": "..\/..\/..\/admin\/view\/template\/blocks\/modules\/create.tpl",
        "relative": "admin\/view\/template\/blocks\/create.tpl"
    },
    {
        "absolute": "..\/..\/..\/admin\/view\/template\/blocks\/modules\/edit.tpl",
        "relative": "admin\/view\/template\/blocks\/edit.tpl"
    },
    {
        "absolute": "..\/..\/..\/admin\/view\/template\/blocks\/modules\/index.tpl",
        "relative": "admin\/view\/template\/blocks\/index.tpl"
    }
],

    "composer": {
        "require": {

        },
        "autoload": {
            "psr-4": {
                "Blocks\\Modules\\Modules\\": "system/Blocks/Modules/Modules/src"
            }
        }
    }
}