{
    "code": "%NAME%",
    "version": "0.0.1",
    "type": "module",
    "title": "%TITLE%",
    "description": "",
    "license": "",
    "authors": [
        {
            "name": "Iurii Krevnyi",
            "email": "yuriikrevnyi@gmail.com",
            "homepage": ""
        }
    ],
    
    "files--help": {
        "files": "Це такі файли, які будуть за межами модуля. Наприклад, контроллер/модель адмінки",
        "files-absolute": "Це шлях до файла. Вставляти таким чином, щоб <шлях від корня до списка модулів> + <export-absolute> = файл",
        "files-relative": "Шлях який використовується для структури файлів в архіві."
    },

    "files": %MODULE_FILES%,

    "composer": {
        "require": {

        },
        "autoload": {
            "psr-4": {
                "Blocks\\Modules\\%NAME%\\": "system/Blocks/Modules/%NAME%/src"
            }
        }
    }
}